"Ordre";"Anyo";"IdMaterial";"NomMaterial";"Quantitat";"Unitats"
"1";"2010";"20";"Bateries";"12";"Tones"
"2";"2010";"39";"Sòlids i Pastosos";"57";"Tones"
"3";"2012";"3";"Envasos";"4057";"Tones"
"4";"2004";"19";"Pneumàtics";"14";"Tones"
"5";"1995";"30";"Coure";"";"Tones"
"6";"1989";"2";"Paper";"";"Tones"
"7";"1986";"3";"Envasos";"";"Tones"
"8";"2015";"10";"Tèxtil";"344";"Tones"
"9";"2012";"11";"Vidre Pla";"285";"Tones"
"10";"2004";"12";"Ferralla";"558";"Tones"
"11";"2001";"13";"Fusta";"2649";"Tones"
"12";"2002";"36";"Aerosols";"";"Tones"
"13";"2017";"7";"Resta";"60747";"Tones"
"14";"2006";"9";"Fracció vegetal";"705";"Tones"
"15";"1998";"3";"Envasos";"";"Tones"
"16";"2007";"21";"Dissolvents";"7";"Tones"
"17";"2007";"40";"Medicaments";"13";"Tones"
"18";"2015";"2";"Paper";"3923";"Tones"
"19";"2007";"18";"RAEE A5: làmpares fluorescents";"13";"Tones"
"20";"2007";"30";"Coure";"";"Tones"
"21";"2004";"31";"RAEE A3: Televisors i monitors";"";"Tones"
"22";"1984";"10";"Tèxtil";"";"Tones"
"23";"1986";"17";"Medicaments i cosmètics";"";"Tones"
"24";"2012";"25";"Olis vegetals";"26";"Tones"
"25";"2011";"1";"Vidre";"3040";"Tones"
"26";"2018";"12";"Ferralla";"158";"Tones"
"27";"2015";"13";"Fusta";"1233";"Tones"
"28";"2006";"16";"Piles";"27";"Tones"
"29";"2010";"28";"Voluminosos";"4544";"Tones"
"30";"2007";"29";"Càpsules de cafè";"";"Tones"
"31";"2011";"41";"Porexpan";"14";"Tones"
"32";"2008";"42";"Radiografies";"1";"Tones"
"33";"2015";"14";"Runes";"3387";"Tones"
"34";"1987";"16";"Piles";"";"Tones"
"35";"2001";"34";"Àcids";"";"Tones"
"36";"2006";"37";"Reactius de laboratori";"";"Tones"
"37";"2018";"1";"Vidre";"2775";"Tones"
"38";"2017";"3";"Envasos";"2806";"Tones"
"39";"2005";"32";"RAEE A2: Grans electrodomèstics assecadores, rentadores...";"";"Tones"
"40";"1992";"1";"Vidre";"735";"Tones"
"41";"2018";"9";"Fracció vegetal";"112";"Tones"
"42";"2010";"35";"Bases";"0";"Tones"
"43";"2001";"14";"Runes";"1822";"Tones"
"44";"2003";"10";"Tèxtil";"100";"Tones"
"45";"2007";"22";"RAEE A1: Aparells de fred, frigorífics...";"49";"Tones"
"46";"2004";"23";"RAEE A4: Ordinadors, aspiradores, joguines elèctriques i electròniques....";"121";"Tones"
"47";"1993";"25";"Olis vegetals";"";"Tones"
"48";"2017";"47";"RAEE FRA 2 (A3) Monitors i pantalles LED, CRT i altres";"51";"Tones"
"49";"2016";"23";"RAEE A4: Ordinadors, aspiradores, joguines elèctriques i electròniques....";"43";"Tones"
"50";"2012";"21";"Dissolvents";"4";"Tones"
"51";"2018";"16";"Piles";"0";"Tones"
"52";"1998";"7";"Resta";"80369";"Tones"
"53";"1998";"28";"Voluminosos";"";"Tones"
"54";"1995";"29";"Càpsules de cafè";"";"Tones"
"55";"1998";"17";"Medicaments i cosmètics";"";"Tones"
"56";"1995";"18";"RAEE A5: làmpares fluorescents";"";"Tones"
"57";"2016";"51";"RAEE FRA 6 (A4) Aparells petits d'informàtica i telecomunicacions ";"4";"Tones"
"58";"1996";"2";"Paper";"1383";"Tones"
"59";"2011";"12";"Ferralla";"166";"Tones"
"60";"2011";"31";"RAEE A3: Televisors i monitors";"107";"Tones"
"61";"2010";"7";"Resta";"67551";"Tones"
"62";"1999";"9";"Fracció vegetal";"";"Tones"
"63";"2005";"17";"Medicaments i cosmètics";"";"Tones"
"64";"2015";"42";"Radiografies";"0";"Tones"
"65";"2014";"18";"RAEE A5: làmpares fluorescents";"7";"Tones"
"66";"2003";"20";"Bateries";"25";"Tones"
"67";"2003";"39";"Sòlids i Pastosos";"";"Tones"
"68";"2016";"4";"Materia orgànica";"4897";"Tones"
"69";"2005";"25";"Olis vegetals";"9";"Tones"
"70";"2008";"13";"Fusta";"2367";"Tones"
"71";"2014";"30";"Coure";"0";"Tones"
"72";"2009";"36";"Aerosols";"1";"Tones"
"73";"2005";"15";"Tòners";"12";"Tones"
"74";"2017";"28";"Voluminosos";"5606";"Tones"
"75";"2018";"41";"Porexpan";"1";"Tones"
"76";"2012";"43";"Plàstic rígid";"70";"Tones"
"77";"1987";"9";"Fracció vegetal";"";"Tones"
"78";"1999";"16";"Piles";"";"Tones"
"79";"2009";"26";"Olis minerals";"26";"Tones"
"80";"2006";"27";"Altres residus especials";"28";"Tones"
"81";"2008";"2";"Paper";"10190";"Tones"
"82";"2005";"3";"Envasos";"2556";"Tones"
"83";"2002";"26";"Olis minerals";"15";"Tones"
"84";"1991";"28";"Voluminosos";"";"Tones"
"85";"2012";"32";"RAEE A2: Grans electrodomèstics assecadores, rentadores...";"27";"Tones"
"86";"1986";"25";"Olis vegetals";"";"Tones"
"87";"2017";"35";"Bases";"1";"Tones"
"88";"2008";"14";"Runes";"2121";"Tones"
"89";"2017";"17";"Medicaments i cosmètics";"1";"Tones"
"90";"2006";"38";"Comburents";"";"Tones"
"91";"1991";"7";"Resta";"71728";"Tones"
"92";"2017";"15";"Tòners";"4";"Tones"
"93";"1999";"1";"Vidre";"1814";"Tones"
"94";"1993";"3";"Envasos";"";"Tones"
"95";"1996";"10";"Tèxtil";"";"Tones"
"96";"2018";"48";"RAEE FRA 3 (A5) Lampares i fluorescents";"2";"Tones"
"97";"2004";"4";"Materia orgànica";"841";"Tones"
"98";"2002";"18";"RAEE A5: làmpares fluorescents";"3";"Tones"
"99";"2017";"43";"Plàstic rígid";"43";"Tones"
"100";"1991";"17";"Medicaments i cosmètics";"";"Tones"
"101";"2007";"26";"Olis minerals";"15";"Tones"
"102";"2007";"32";"RAEE A2: Grans electrodomèstics assecadores, rentadores...";"4";"Tones"
"103";"2006";"2";"Paper";"9341";"Tones"
"104";"1984";"25";"Olis vegetals";"";"Tones"
"105";"2000";"7";"Resta";"82742";"Tones"
"106";"2003";"14";"Runes";"1555";"Tones"
"107";"1997";"1";"Vidre";"1700";"Tones"
"108";"2001";"38";"Comburents";"";"Tones"
"109";"2018";"4";"Materia orgànica";"4088";"Tones"
"110";"1998";"25";"Olis vegetals";"";"Tones"
"111";"2006";"4";"Materia orgànica";"4460";"Tones"
"112";"1986";"7";"Resta";"50894";"Tones"
"113";"2001";"10";"Tèxtil";"";"Tones"
"114";"1995";"22";"RAEE A1: Aparells de fred, frigorífics...";"";"Tones"
"690";"2008";"35";"Bases";"0";"Tones"
"115";"2017";"50";"RAEE FRA 5 (A4) Petits aparells sense dimensió superior a 50 cm";"34";"Tones"
"116";"1989";"16";"Piles";"";"Tones"
"117";"1993";"28";"Voluminosos";"";"Tones"
"118";"2003";"17";"Medicaments i cosmètics";"";"Tones"
"119";"2006";"12";"Ferralla";"487";"Tones"
"120";"2004";"9";"Fracció vegetal";"864";"Tones"
"121";"2013";"31";"RAEE A3: Televisors i monitors";"63";"Tones"
"122";"2009";"19";"Pneumàtics";"24";"Tones"
"123";"1994";"2";"Paper";"877";"Tones"
"124";"1991";"3";"Envasos";"";"Tones"
"125";"2017";"11";"Vidre Pla";"301";"Tones"
"126";"1995";"21";"Dissolvents";"";"Tones"
"127";"2012";"7";"Resta";"60046";"Tones"
"128";"1995";"26";"Olis minerals";"";"Tones"
"129";"2011";"4";"Materia orgànica";"7131";"Tones"
"130";"2007";"15";"Tòners";"3";"Tones"
"131";"1984";"17";"Medicaments i cosmètics";"";"Tones"
"132";"2010";"25";"Olis vegetals";"29";"Tones"
"133";"2004";"27";"Altres residus especials";"14";"Tones"
"134";"2009";"1";"Vidre";"3266";"Tones"
"135";"2003";"3";"Envasos";"1625";"Tones"
"136";"2003";"13";"Fusta";"834";"Tones"
"137";"2008";"38";"Comburents";"0";"Tones"
"138";"2002";"40";"Medicaments";"11";"Tones"
"139";"2016";"30";"Coure";"1";"Tones"
"140";"2004";"36";"Aerosols";"";"Tones"
"141";"2012";"18";"RAEE A5: làmpares fluorescents";"4";"Tones"
"142";"2012";"28";"Voluminosos";"1866";"Tones"
"143";"2002";"30";"Coure";"";"Tones"
"144";"1992";"9";"Fracció vegetal";"";"Tones"
"145";"1989";"10";"Tèxtil";"";"Tones"
"146";"2001";"16";"Piles";"38";"Tones"
"147";"2016";"41";"Porexpan";"0";"Tones"
"148";"2013";"42";"Radiografies";"0";"Tones"
"149";"2010";"43";"Plàstic rígid";"113";"Tones"
"150";"2010";"14";"Runes";"3577";"Tones"
"151";"1986";"28";"Voluminosos";"";"Tones"
"152";"2006";"34";"Àcids";"";"Tones"
"153";"2009";"41";"Porexpan";"24";"Tones"
"154";"2017";"20";"Bateries";"2";"Tones"
"155";"1991";"25";"Olis vegetals";"";"Tones"
"156";"2001";"37";"Reactius de laboratori";"";"Tones"
"157";"2009";"29";"Càpsules de cafè";"3";"Tones"
"158";"1990";"1";"Vidre";"397";"Tones"
"159";"2008";"10";"Tèxtil";"189";"Tones"
"160";"2005";"11";"Vidre Pla";"417";"Tones"
"161";"2002";"22";"RAEE A1: Aparells de fred, frigorífics...";"38";"Tones"
"162";"2011";"23";"RAEE A4: Ordinadors, aspiradores, joguines elèctriques i electròniques....";"73";"Tones"
"163";"2003";"35";"Bases";"";"Tones"
"164";"2004";"1";"Vidre";"2311";"Tones"
"165";"2014";"21";"Dissolvents";"5";"Tones"
"166";"2013";"16";"Piles";"14";"Tones"
"167";"1993";"7";"Resta";"78710";"Tones"
"168";"1996";"17";"Medicaments i cosmètics";"";"Tones"
"169";"2000";"28";"Voluminosos";"";"Tones"
"170";"2017";"39";"Sòlids i Pastosos";"39";"Tones"
"171";"2014";"22";"RAEE A1: Aparells de fred, frigorífics...";"15";"Tones"
"172";"2001";"2";"Paper";"2833";"Tones"
"173";"2005";"20";"Bateries";"21";"Tones"
"174";"2006";"31";"RAEE A3: Televisors i monitors";"";"Tones"
"175";"2005";"7";"Resta";"78971";"Tones"
"176";"2016";"19";"Pneumàtics";"3";"Tones"
"177";"1985";"1";"Vidre";"103";"Tones"
"178";"1987";"2";"Paper";"";"Tones"
"179";"1984";"3";"Envasos";"";"Tones"
"180";"2011";"9";"Fracció vegetal";"345";"Tones"
"181";"2003";"25";"Olis vegetals";"4";"Tones"
"182";"1985";"9";"Fracció vegetal";"";"Tones"
"183";"2002";"21";"Dissolvents";"10";"Tones"
"184";"2009";"30";"Coure";"1";"Tones"
"185";"2008";"16";"Piles";"29";"Tones"
"186";"1994";"16";"Piles";"";"Tones"
"187";"2017";"25";"Olis vegetals";"31";"Tones"
"188";"2014";"26";"Olis minerals";"8";"Tones"
"189";"2011";"27";"Altres residus especials";"1";"Tones"
"190";"2016";"1";"Vidre";"3030";"Tones"
"191";"2013";"2";"Paper";"4429";"Tones"
"192";"2010";"3";"Envasos";"4318";"Tones"
"193";"2013";"12";"Ferralla";"111";"Tones"
"194";"2010";"13";"Fusta";"2568";"Tones"
"195";"2005";"28";"Voluminosos";"3763";"Tones"
"196";"2002";"29";"Càpsules de cafè";"";"Tones"
"197";"2011";"36";"Aerosols";"1";"Tones"
"198";"2008";"37";"Reactius de laboratori";"2";"Tones"
"199";"2009";"3";"Envasos";"4244";"Tones"
"200";"2009";"22";"RAEE A1: Aparells de fred, frigorífics...";"34";"Tones"
"201";"1986";"2";"Paper";"";"Tones"
"202";"2012";"10";"Tèxtil";"195";"Tones"
"203";"2001";"31";"RAEE A3: Televisors i monitors";"";"Tones"
"204";"1995";"17";"Medicaments i cosmètics";"";"Tones"
"205";"2014";"7";"Resta";"57009";"Tones"
"206";"2003";"9";"Fracció vegetal";"100";"Tones"
"207";"2015";"16";"Piles";"4";"Tones"
"208";"2004";"18";"RAEE A5: làmpares fluorescents";"4";"Tones"
"209";"2001";"19";"Pneumàtics";"25";"Tones"
"210";"2013";"20";"Bateries";"26";"Tones"
"211";"2010";"21";"Dissolvents";"8";"Tones"
"212";"2004";"13";"Fusta";"1537";"Tones"
"213";"2012";"2";"Paper";"4971";"Tones"
"214";"2001";"23";"RAEE A4: Ordinadors, aspiradores, joguines elèctriques i electròniques....";"";"Tones"
"215";"2018";"13";"Fusta";"1700";"Tones"
"216";"2004";"30";"Coure";"";"Tones"
"217";"1995";"12";"Ferralla";"";"Tones"
"218";"1995";"15";"Tòners";"";"Tones"
"219";"2003";"16";"Piles";"30";"Tones"
"220";"2008";"41";"Porexpan";"4";"Tones"
"221";"2012";"14";"Runes";"4556";"Tones"
"222";"2013";"28";"Voluminosos";"1656";"Tones"
"223";"1998";"2";"Paper";"2318";"Tones"
"224";"1995";"3";"Envasos";"";"Tones"
"225";"2009";"25";"Olis vegetals";"24";"Tones"
"226";"2015";"1";"Vidre";"3129";"Tones"
"227";"2014";"3";"Envasos";"3999";"Tones"
"228";"2004";"22";"RAEE A1: Aparells de fred, frigorífics...";"49";"Tones"
"229";"2001";"28";"Voluminosos";"";"Tones"
"230";"2002";"32";"RAEE A2: Grans electrodomèstics assecadores, rentadores...";"";"Tones"
"457";"2008";"18";"RAEE A5: làmpares fluorescents";"4";"Tones"
"231";"2016";"50";"RAEE FRA 5 (A4) Petits aparells sense dimensió superior a 50 cm";"6";"Tones"
"232";"1995";"7";"Resta";"76412";"Tones"
"233";"1984";"9";"Fracció vegetal";"";"Tones"
"234";"2007";"35";"Bases";"";"Tones"
"235";"2000";"10";"Tèxtil";"";"Tones"
"236";"2007";"17";"Medicaments i cosmètics";"1";"Tones"
"237";"2009";"37";"Reactius de laboratori";"2";"Tones"
"238";"2017";"2";"Paper";"4097";"Tones"
"239";"1990";"25";"Olis vegetals";"";"Tones"
"240";"1989";"1";"Vidre";"373";"Tones"
"241";"2015";"9";"Fracció vegetal";"274";"Tones"
"242";"2009";"11";"Vidre Pla";"409";"Tones"
"243";"2010";"34";"Àcids";"0";"Tones"
"244";"2006";"20";"Bateries";"15";"Tones"
"245";"2018";"26";"Olis minerals";"4";"Tones"
"246";"1984";"16";"Piles";"";"Tones"
"247";"2016";"22";"RAEE A1: Aparells de fred, frigorífics...";"26";"Tones"
"248";"2013";"23";"RAEE A4: Ordinadors, aspiradores, joguines elèctriques i electròniques....";"49";"Tones"
"249";"2012";"42";"Radiografies";"1";"Tones"
"250";"2011";"18";"RAEE A5: làmpares fluorescents";"6";"Tones"
"251";"2008";"31";"RAEE A3: Televisors i monitors";"102";"Tones"
"252";"2002";"3";"Envasos";"913";"Tones"
"253";"2003";"21";"Dissolvents";"2";"Tones"
"254";"2014";"12";"Ferralla";"127";"Tones"
"255";"2011";"13";"Fusta";"2326";"Tones"
"256";"2017";"46";"RAEE FRA (A1) Grans aparells d'intercanvi de temperatura, frigotrifics, aire acondicionat...";"39";"Tones"
"257";"2014";"32";"RAEE A2: Grans electrodomèstics assecadores, rentadores...";"23";"Tones"
"258";"1995";"35";"Bases";"";"Tones"
"259";"2012";"36";"Aerosols";"0";"Tones"
"260";"2007";"7";"Resta";"75466";"Tones"
"261";"1996";"9";"Fracció vegetal";"";"Tones"
"262";"1989";"28";"Voluminosos";"";"Tones"
"263";"2002";"15";"Tòners";"1";"Tones"
"264";"2015";"41";"Porexpan";"10";"Tones"
"265";"2009";"43";"Plàstic rígid";"126";"Tones"
"266";"2003";"38";"Comburents";"";"Tones"
"267";"2011";"30";"Coure";"1";"Tones"
"268";"2005";"2";"Paper";"7908";"Tones"
"269";"2002";"25";"Olis vegetals";"60";"Tones"
"270";"2001";"1";"Vidre";"2017";"Tones"
"271";"1996";"16";"Piles";"";"Tones"
"272";"2006";"26";"Olis minerals";"16";"Tones"
"273";"2003";"27";"Altres residus especials";"";"Tones"
"274";"2017";"29";"Càpsules de cafè";"2";"Tones"
"275";"2005";"14";"Runes";"1283";"Tones"
"276";"2017";"42";"Radiografies";"0";"Tones"
"277";"2008";"1";"Vidre";"3184";"Tones"
"278";"1995";"32";"RAEE A2: Grans electrodomèstics assecadores, rentadores...";"";"Tones"
"279";"2009";"32";"RAEE A2: Grans electrodomèstics assecadores, rentadores...";"66";"Tones"
"280";"1993";"10";"Tèxtil";"";"Tones"
"281";"2002";"12";"Ferralla";"481";"Tones"
"282";"1994";"28";"Voluminosos";"";"Tones"
"283";"2006";"23";"RAEE A4: Ordinadors, aspiradores, joguines elèctriques i electròniques....";"148";"Tones"
"284";"2002";"37";"Reactius de laboratori";"";"Tones"
"285";"2014";"43";"Plàstic rígid";"45";"Tones"
"286";"2014";"17";"Medicaments i cosmètics";"3";"Tones"
"287";"2008";"19";"Pneumàtics";"18";"Tones"
"288";"1988";"7";"Resta";"57987";"Tones"
"289";"2017";"14";"Runes";"4299";"Tones"
"290";"2008";"28";"Voluminosos";"4154";"Tones"
"291";"2005";"29";"Càpsules de cafè";"";"Tones"
"292";"1996";"1";"Vidre";"1536";"Tones"
"293";"1993";"2";"Paper";"";"Tones"
"294";"1990";"3";"Envasos";"";"Tones"
"295";"2007";"4";"Materia orgànica";"5742";"Tones"
"296";"2016";"11";"Vidre Pla";"322";"Tones"
"297";"1988";"17";"Medicaments i cosmètics";"";"Tones"
"298";"2011";"26";"Olis minerals";"15";"Tones"
"299";"2008";"27";"Altres residus especials";"2";"Tones"
"300";"2012";"39";"Sòlids i Pastosos";"20";"Tones"
"301";"2009";"40";"Medicaments";"18";"Tones"
"302";"2017";"34";"Àcids";"0";"Tones"
"303";"2014";"35";"Bases";"0";"Tones"
"304";"1996";"28";"Voluminosos";"";"Tones"
"305";"1989";"9";"Fracció vegetal";"";"Tones"
"306";"2011";"37";"Reactius de laboratori";"2";"Tones"
"307";"2014";"44";"Cd i DVD";"1";"Tones"
"308";"2012";"17";"Medicaments i cosmètics";"0";"Tones"
"309";"2004";"32";"RAEE A2: Grans electrodomèstics assecadores, rentadores...";"";"Tones"
"310";"1998";"10";"Tèxtil";"";"Tones"
"311";"1995";"11";"Vidre Pla";"";"Tones"
"312";"2018";"30";"Coure";"1";"Tones"
"313";"2015";"31";"RAEE A3: Televisors i monitors";"52";"Tones"
"314";"1995";"25";"Olis vegetals";"";"Tones"
"315";"1994";"1";"Vidre";"1147";"Tones"
"316";"2013";"19";"Pneumàtics";"20";"Tones"
"317";"2009";"4";"Materia orgànica";"6799";"Tones"
"318";"2001";"20";"Bateries";"39";"Tones"
"319";"2009";"15";"Tòners";"0";"Tones"
"320";"2015";"23";"RAEE A4: Ordinadors, aspiradores, joguines elèctriques i electròniques....";"47";"Tones"
"321";"2016";"26";"Olis minerals";"8";"Tones"
"322";"2013";"27";"Altres residus especials";"37";"Tones"
"323";"2010";"38";"Comburents";"0";"Tones"
"324";"2007";"39";"Sòlids i Pastosos";"";"Tones"
"325";"2004";"40";"Medicaments";"8";"Tones"
"326";"2017";"49";"RAEE FRA 4 (A2) Altres aparells amb tamany superior a 50 cm no inclosos en FRA 1";"41";"Tones"
"327";"1991";"2";"Paper";"";"Tones"
"328";"2017";"10";"Tèxtil";"408";"Tones"
"329";"2015";"20";"Bateries";"3";"Tones"
"330";"2009";"7";"Resta";"69412";"Tones"
"331";"2009";"12";"Ferralla";"378";"Tones"
"332";"2006";"13";"Fusta";"1253";"Tones"
"333";"2010";"16";"Piles";"22";"Tones"
"334";"2009";"18";"RAEE A5: làmpares fluorescents";"9";"Tones"
"335";"2006";"19";"Pneumàtics";"16";"Tones"
"336";"2007";"36";"Aerosols";"";"Tones"
"337";"2001";"9";"Fracció vegetal";"47";"Tones"
"338";"1984";"28";"Voluminosos";"";"Tones"
"339";"2013";"30";"Coure";"0";"Tones"
"340";"2010";"31";"RAEE A3: Televisors i monitors";"159";"Tones"
"341";"1986";"10";"Tèxtil";"";"Tones"
"342";"2016";"32";"RAEE A2: Grans electrodomèstics assecadores, rentadores...";"36";"Tones"
"343";"2014";"4";"Materia orgànica";"6596";"Tones"
"344";"1998";"16";"Piles";"";"Tones"
"345";"2013";"41";"Porexpan";"1";"Tones"
"346";"2007";"14";"Runes";"1444";"Tones"
"347";"2004";"15";"Tòners";"3";"Tones"
"348";"2007";"25";"Olis vegetals";"25";"Tones"
"349";"2004";"26";"Olis minerals";"18";"Tones"
"350";"2001";"27";"Altres residus especials";"21";"Tones"
"351";"2006";"1";"Vidre";"2723";"Tones"
"352";"2003";"2";"Paper";"4498";"Tones"
"353";"2000";"3";"Envasos";"246";"Tones"
"354";"2015";"28";"Voluminosos";"4540";"Tones"
"355";"2002";"39";"Sòlids i Pastosos";"";"Tones"
"356";"1995";"36";"Aerosols";"";"Tones"
"357";"1990";"7";"Resta";"63035";"Tones"
"358";"2016";"15";"Tòners";"0";"Tones"
"359";"2012";"35";"Bases";"0";"Tones"
"360";"2013";"1";"Vidre";"3107";"Tones"
"361";"2017";"38";"Comburents";"6";"Tones"
"362";"1987";"1";"Vidre";"317";"Tones"
"363";"2013";"9";"Fracció vegetal";"400";"Tones"
"364";"2005";"10";"Tèxtil";"141";"Tones"
"365";"2002";"11";"Vidre Pla";"";"Tones"
"366";"2003";"34";"Àcids";"";"Tones"
"367";"2004";"37";"Reactius de laboratori";"";"Tones"
"368";"1988";"25";"Olis vegetals";"";"Tones"
"369";"2018";"51";"RAEE FRA 6 (A4) Aparells petits d'informàtica i telecomunicacions ";"16";"Tones"
"370";"1988";"3";"Envasos";"";"Tones"
"371";"2014";"11";"Vidre Pla";"276";"Tones"
"372";"2017";"21";"Dissolvents";"9";"Tones"
"373";"1991";"10";"Tèxtil";"";"Tones"
"374";"2014";"39";"Sòlids i Pastosos";"33";"Tones"
"375";"2011";"22";"RAEE A1: Aparells de fred, frigorífics...";"16";"Tones"
"376";"2008";"23";"RAEE A4: Ordinadors, aspiradores, joguines elèctriques i electròniques....";"93";"Tones"
"377";"2003";"28";"Voluminosos";"3671";"Tones"
"378";"2002";"4";"Materia orgànica";"158";"Tones"
"379";"1993";"17";"Medicaments i cosmètics";"";"Tones"
"380";"2016";"12";"Ferralla";"109";"Tones"
"381";"2017";"16";"Piles";"6";"Tones"
"382";"2016";"18";"RAEE A5: làmpares fluorescents";"3";"Tones"
"383";"1995";"39";"Sòlids i Pastosos";"";"Tones"
"384";"1994";"9";"Fracció vegetal";"";"Tones"
"385";"2003";"31";"RAEE A3: Televisors i monitors";"";"Tones"
"386";"2007";"3";"Envasos";"3694";"Tones"
"387";"2000";"17";"Medicaments i cosmètics";"";"Tones"
"388";"2009";"44";"Cd i DVD";"0";"Tones"
"389";"1984";"2";"Paper";"";"Tones"
"390";"2008";"9";"Fracció vegetal";"822";"Tones"
"391";"2010";"10";"Tèxtil";"213";"Tones"
"392";"2007";"11";"Vidre Pla";"428";"Tones"
"393";"2008";"20";"Bateries";"23";"Tones"
"394";"2005";"21";"Dissolvents";"3";"Tones"
"395";"2008";"34";"Àcids";"0";"Tones"
"396";"2002";"7";"Resta";"83842";"Tones"
"397";"2000";"25";"Olis vegetals";"";"Tones"
"398";"2013";"13";"Fusta";"1876";"Tones"
"399";"2006";"30";"Coure";"";"Tones"
"400";"2014";"36";"Aerosols";"1";"Tones"
"401";"2010";"2";"Paper";"9029";"Tones"
"402";"2011";"45";"Cartró";"52";"Tones"
"403";"1991";"16";"Piles";"";"Tones"
"404";"2014";"25";"Olis vegetals";"34";"Tones"
"405";"2013";"21";"Dissolvents";"6";"Tones"
"406";"2012";"16";"Piles";"16";"Tones"
"407";"2001";"18";"RAEE A5: làmpares fluorescents";"3";"Tones"
"408";"2016";"47";"RAEE FRA 2 (A3) Monitors i pantalles LED, CRT i altres";"13";"Tones"
"409";"1992";"3";"Envasos";"";"Tones"
"410";"2018";"11";"Vidre Pla";"249";"Tones"
"411";"1992";"17";"Medicaments i cosmètics";"";"Tones"
"412";"2018";"25";"Olis vegetals";"10";"Tones"
"413";"2017";"1";"Vidre";"3112";"Tones"
"414";"2011";"43";"Plàstic rígid";"102";"Tones"
"415";"2017";"51";"RAEE FRA 6 (A4) Aparells petits d'informàtica i telecomunicacions ";"27";"Tones"
"416";"1997";"7";"Resta";"78376";"Tones"
"417";"2000";"9";"Fracció vegetal";"";"Tones"
"418";"2018";"3";"Envasos";"2576";"Tones"
"419";"2001";"30";"Coure";"";"Tones"
"420";"1995";"2";"Paper";"788";"Tones"
"421";"1992";"25";"Olis vegetals";"";"Tones"
"422";"1995";"13";"Fusta";"";"Tones"
"423";"1986";"16";"Piles";"";"Tones"
"424";"1995";"14";"Runes";"";"Tones"
"425";"2017";"48";"RAEE FRA 3 (A5) Lampares i fluorescents";"2";"Tones"
"426";"1997";"10";"Tèxtil";"";"Tones"
"427";"1998";"1";"Vidre";"1760";"Tones"
"428";"2015";"26";"Olis minerals";"9";"Tones"
"429";"2012";"27";"Altres residus especials";"2";"Tones"
"430";"2004";"28";"Voluminosos";"3283";"Tones"
"431";"2001";"29";"Càpsules de cafè";"";"Tones"
"432";"2014";"2";"Paper";"4340";"Tones"
"433";"2011";"3";"Envasos";"4340";"Tones"
"434";"2003";"4";"Materia orgànica";"302";"Tones"
"435";"2016";"49";"RAEE FRA 4 (A2) Altres aparells amb tamany superior a 50 cm no inclosos en FRA 1";"4";"Tones"
"436";"1992";"7";"Resta";"77390";"Tones"
"437";"2018";"15";"Tòners";"3";"Tones"
"438";"2017";"12";"Ferralla";"120";"Tones"
"439";"2004";"17";"Medicaments i cosmètics";"";"Tones"
"440";"2012";"37";"Reactius de laboratori";"1";"Tones"
"441";"2010";"44";"Cd i DVD";"2";"Tones"
"442";"1992";"28";"Voluminosos";"";"Tones"
"443";"1987";"25";"Olis vegetals";"";"Tones"
"444";"1986";"1";"Vidre";"204";"Tones"
"445";"2012";"9";"Fracció vegetal";"137";"Tones"
"446";"2009";"10";"Tèxtil";"200";"Tones"
"447";"2006";"11";"Vidre Pla";"405";"Tones"
"448";"2013";"22";"RAEE A1: Aparells de fred, frigorífics...";"12";"Tones"
"449";"2010";"23";"RAEE A4: Ordinadors, aspiradores, joguines elèctriques i electròniques....";"87";"Tones"
"450";"2017";"4";"Materia orgànica";"4718";"Tones"
"451";"2009";"20";"Bateries";"13";"Tones"
"452";"2006";"21";"Dissolvents";"5";"Tones"
"453";"2007";"34";"Àcids";"";"Tones"
"454";"2004";"35";"Bases";"";"Tones"
"455";"1999";"3";"Envasos";"";"Tones"
"456";"2014";"13";"Fusta";"948";"Tones"
"688";"2013";"10";"Tèxtil";"277";"Tones"
"458";"2018";"43";"Plàstic rígid";"34";"Tones"
"459";"1985";"17";"Medicaments i cosmètics";"";"Tones"
"460";"2011";"25";"Olis vegetals";"28";"Tones"
"461";"2006";"40";"Medicaments";"11";"Tones"
"462";"2004";"7";"Resta";"82555";"Tones"
"463";"1993";"9";"Fracció vegetal";"";"Tones"
"464";"2005";"16";"Piles";"34";"Tones"
"465";"2008";"30";"Coure";"1";"Tones"
"466";"2005";"31";"RAEE A3: Televisors i monitors";"";"Tones"
"467";"2002";"2";"Paper";"3045";"Tones"
"468";"2016";"7";"Resta";"61177";"Tones"
"469";"2011";"32";"RAEE A2: Grans electrodomèstics assecadores, rentadores...";"40";"Tones"
"470";"1995";"34";"Àcids";"";"Tones"
"471";"2005";"12";"Ferralla";"480";"Tones"
"472";"1993";"16";"Piles";"";"Tones"
"473";"2003";"26";"Olis minerals";"16";"Tones"
"474";"1997";"28";"Voluminosos";"";"Tones"
"475";"2003";"36";"Aerosols";"";"Tones"
"476";"2002";"14";"Runes";"2";"Tones"
"477";"1999";"25";"Olis vegetals";"";"Tones"
"478";"2017";"19";"Pneumàtics";"9";"Tones"
"479";"2005";"1";"Vidre";"2422";"Tones"
"480";"2011";"28";"Voluminosos";"4496";"Tones"
"481";"2010";"4";"Materia orgànica";"6896";"Tones"
"482";"1985";"7";"Resta";"49485";"Tones"
"483";"2013";"11";"Vidre Pla";"293";"Tones"
"484";"2002";"13";"Fusta";"353";"Tones"
"485";"2006";"25";"Olis vegetals";"15";"Tones"
"486";"2005";"27";"Altres residus especials";"19";"Tones"
"487";"2012";"38";"Comburents";"0";"Tones"
"488";"1990";"10";"Tèxtil";"";"Tones"
"489";"2000";"16";"Piles";"";"Tones"
"490";"2017";"41";"Porexpan";"1";"Tones"
"491";"2016";"20";"Bateries";"3";"Tones"
"492";"2011";"7";"Resta";"64594";"Tones"
"493";"2008";"29";"Càpsules de cafè";"3";"Tones"
"494";"2014";"14";"Runes";"3229";"Tones"
"495";"2011";"17";"Medicaments i cosmètics";"0";"Tones"
"496";"2005";"19";"Pneumàtics";"6";"Tones"
"497";"2006";"32";"RAEE A2: Grans electrodomèstics assecadores, rentadores...";"";"Tones"
"498";"2016";"10";"Tèxtil";"391";"Tones"
"499";"2008";"26";"Olis minerals";"29";"Tones"
"500";"2009";"39";"Sòlids i Pastosos";"58";"Tones"
"501";"2014";"34";"Àcids";"0";"Tones"
"502";"2011";"35";"Bases";"0";"Tones"
"503";"2006";"22";"RAEE A1: Aparells de fred, frigorífics...";"55";"Tones"
"504";"2003";"23";"RAEE A4: Ordinadors, aspiradores, joguines elèctriques i electròniques....";"44";"Tones"
"505";"1985";"28";"Voluminosos";"";"Tones"
"506";"2017";"44";"Cd i DVD";"1";"Tones"
"507";"2015";"30";"Coure";"0";"Tones"
"508";"2006";"15";"Tòners";"3";"Tones"
"509";"2002";"35";"Bases";"";"Tones"
"510";"2003";"1";"Vidre";"2115";"Tones"
"511";"2012";"23";"RAEE A4: Ordinadors, aspiradores, joguines elèctriques i electròniques....";"57";"Tones"
"512";"2010";"27";"Altres residus especials";"1";"Tones"
"513";"2007";"38";"Comburents";"";"Tones"
"514";"1995";"10";"Tèxtil";"";"Tones"
"515";"1995";"16";"Piles";"";"Tones"
"516";"1999";"28";"Voluminosos";"";"Tones"
"517";"2014";"37";"Reactius de laboratori";"0";"Tones"
"518";"1986";"9";"Fracció vegetal";"";"Tones"
"519";"2012";"12";"Ferralla";"98";"Tones"
"520";"2006";"7";"Resta";"78993";"Tones"
"521";"2004";"11";"Vidre Pla";"421";"Tones"
"522";"2009";"17";"Medicaments i cosmètics";"0";"Tones"
"523";"2009";"14";"Runes";"2905";"Tones"
"524";"2010";"19";"Pneumàtics";"7";"Tones"
"525";"2001";"32";"RAEE A2: Grans electrodomèstics assecadores, rentadores...";"";"Tones"
"526";"2015";"22";"RAEE A1: Aparells de fred, frigorífics...";"20";"Tones"
"527";"2013";"26";"Olis minerals";"10";"Tones"
"528";"1987";"28";"Voluminosos";"";"Tones"
"529";"2004";"39";"Sòlids i Pastosos";"";"Tones"
"530";"2001";"22";"RAEE A1: Aparells de fred, frigorífics...";"33";"Tones"
"531";"1991";"1";"Vidre";"560";"Tones"
"532";"2017";"9";"Fracció vegetal";"559";"Tones"
"533";"2012";"4";"Materia orgànica";"6924";"Tones"
"534";"2004";"20";"Bateries";"14";"Tones"
"535";"2001";"21";"Dissolvents";"1";"Tones"
"536";"2009";"13";"Fusta";"2423";"Tones"
"537";"2008";"40";"Medicaments";"15";"Tones"
"538";"2007";"16";"Piles";"27";"Tones"
"539";"2006";"18";"RAEE A5: làmpares fluorescents";"3";"Tones"
"540";"2010";"36";"Aerosols";"1";"Tones"
"541";"2001";"15";"Tòners";"";"Tones"
"542";"2018";"28";"Voluminosos";"4144";"Tones"
"543";"1997";"3";"Envasos";"";"Tones"
"544";"1990";"17";"Medicaments i cosmètics";"";"Tones"
"545";"2016";"25";"Olis vegetals";"33";"Tones"
"546";"2002";"38";"Comburents";"";"Tones"
"547";"1998";"9";"Fracció vegetal";"";"Tones"
"548";"2018";"20";"Bateries";"2";"Tones"
"549";"2016";"43";"Plàstic rígid";"44";"Tones"
"550";"2010";"41";"Porexpan";"9";"Tones"
"551";"2004";"14";"Runes";"1546";"Tones"
"552";"2015";"19";"Pneumàtics";"15";"Tones"
"553";"2000";"2";"Paper";"2259";"Tones"
"554";"1995";"37";"Reactius de laboratori";"";"Tones"
"555";"2018";"7";"Resta";"46530";"Tones"
"556";"2004";"25";"Olis vegetals";"7";"Tones"
"557";"2001";"26";"Olis minerals";"12";"Tones"
"558";"2013";"32";"RAEE A2: Grans electrodomèstics assecadores, rentadores...";"22";"Tones"
"559";"2010";"1";"Vidre";"3129";"Tones"
"560";"2002";"10";"Tèxtil";"82";"Tones"
"561";"2006";"28";"Voluminosos";"3850";"Tones"
"562";"2005";"4";"Materia orgànica";"3599";"Tones"
"563";"2002";"17";"Medicaments i cosmètics";"";"Tones"
"564";"2017";"27";"Altres residus especials";"6";"Tones"
"565";"2016";"3";"Envasos";"2665";"Tones"
"566";"2018";"50";"RAEE FRA 5 (A4) Petits aparells sense dimensió superior a 50 cm";"18";"Tones"
"567";"1987";"7";"Resta";"54649";"Tones"
"568";"1988";"10";"Tèxtil";"";"Tones"
"569";"2016";"14";"Runes";"4225";"Tones"
"570";"2011";"20";"Bateries";"9";"Tones"
"571";"1985";"25";"Olis vegetals";"";"Tones"
"689";"2006";"39";"Sòlids i Pastosos";"";"Tones"
"572";"2011";"39";"Sòlids i Pastosos";"45";"Tones"
"573";"1984";"1";"Vidre";"46";"Tones"
"574";"2010";"9";"Fracció vegetal";"1040";"Tones"
"575";"2003";"19";"Pneumàtics";"";"Tones"
"576";"2003";"29";"Càpsules de cafè";"";"Tones"
"577";"2007";"37";"Reactius de laboratori";"";"Tones"
"578";"1988";"2";"Paper";"";"Tones"
"579";"1985";"3";"Envasos";"";"Tones"
"580";"2014";"10";"Tèxtil";"273";"Tones"
"581";"2011";"11";"Vidre Pla";"332";"Tones"
"582";"2008";"22";"RAEE A1: Aparells de fred, frigorífics...";"29";"Tones"
"583";"2005";"23";"RAEE A4: Ordinadors, aspiradores, joguines elèctriques i electròniques....";"118";"Tones"
"584";"2012";"34";"Àcids";"0";"Tones"
"585";"2009";"35";"Bases";"0";"Tones"
"586";"2012";"44";"Cd i DVD";"1";"Tones"
"587";"2004";"3";"Envasos";"2216";"Tones"
"588";"2008";"21";"Dissolvents";"6";"Tones"
"589";"2007";"10";"Tèxtil";"187";"Tones"
"590";"2014";"16";"Piles";"15";"Tones"
"591";"2013";"18";"RAEE A5: làmpares fluorescents";"3";"Tones"
"592";"2001";"40";"Medicaments";"8";"Tones"
"593";"1999";"7";"Resta";"82040";"Tones"
"594";"1997";"17";"Medicaments i cosmètics";"";"Tones"
"595";"2016";"13";"Fusta";"1548";"Tones"
"596";"1991";"9";"Fracció vegetal";"";"Tones"
"597";"2003";"30";"Coure";"";"Tones"
"598";"2007";"2";"Paper";"10660";"Tones"
"599";"2007";"12";"Ferralla";"456";"Tones"
"600";"2012";"31";"RAEE A3: Televisors i monitors";"69";"Tones"
"601";"2005";"9";"Fracció vegetal";"718";"Tones"
"602";"1988";"16";"Piles";"";"Tones"
"603";"1997";"25";"Olis vegetals";"";"Tones"
"604";"1995";"38";"Comburents";"";"Tones"
"605";"2018";"47";"RAEE FRA 2 (A3) Monitors i pantalles LED, CRT i altres";"28";"Tones"
"606";"1989";"3";"Envasos";"";"Tones"
"607";"2015";"11";"Vidre Pla";"342";"Tones"
"608";"2001";"12";"Ferralla";"485";"Tones"
"609";"2009";"16";"Piles";"22";"Tones"
"610";"2007";"20";"Bateries";"16";"Tones"
"611";"2008";"43";"Plàstic rígid";"36";"Tones"
"612";"2009";"9";"Fracció vegetal";"859";"Tones"
"613";"1994";"7";"Resta";"77567";"Tones"
"614";"2010";"40";"Medicaments";"19";"Tones"
"615";"1995";"31";"RAEE A3: Televisors i monitors";"";"Tones"
"616";"1992";"2";"Paper";"";"Tones"
"617";"2007";"31";"RAEE A3: Televisors i monitors";"";"Tones"
"618";"1989";"17";"Medicaments i cosmètics";"";"Tones"
"619";"2015";"25";"Olis vegetals";"19";"Tones"
"620";"2014";"1";"Vidre";"2956";"Tones"
"621";"2004";"21";"Dissolvents";"4";"Tones"
"622";"2007";"28";"Voluminosos";"4796";"Tones"
"623";"2015";"32";"RAEE A2: Grans electrodomèstics assecadores, rentadores...";"31";"Tones"
"624";"1997";"9";"Fracció vegetal";"";"Tones"
"625";"1989";"25";"Olis vegetals";"";"Tones"
"626";"2016";"46";"RAEE FRA (A1) Grans aparells d'intercanvi de temperatura, frigotrifics, aire acondicionat...";"5";"Tones"
"627";"2018";"2";"Paper";"3613";"Tones"
"628";"2015";"3";"Envasos";"3329";"Tones"
"629";"2007";"19";"Pneumàtics";"19";"Tones"
"630";"2003";"37";"Reactius de laboratori";"";"Tones"
"631";"1995";"1";"Vidre";"1483";"Tones"
"632";"2010";"30";"Coure";"1";"Tones"
"633";"2012";"26";"Olis minerals";"12";"Tones"
"634";"2011";"2";"Paper";"7091";"Tones"
"635";"2012";"20";"Bateries";"14";"Tones"
"636";"2003";"11";"Vidre Pla";"";"Tones"
"637";"2007";"23";"RAEE A4: Ordinadors, aspiradores, joguines elèctriques i electròniques....";"182";"Tones"
"638";"1996";"25";"Olis vegetals";"";"Tones"
"639";"2004";"29";"Càpsules de cafè";"";"Tones"
"640";"2018";"14";"Runes";"3268";"Tones"
"641";"1990";"16";"Piles";"";"Tones"
"642";"2013";"44";"Cd i DVD";"1";"Tones"
"643";"2002";"31";"RAEE A3: Televisors i monitors";"";"Tones"
"644";"2001";"7";"Resta";"83575";"Tones"
"645";"2001";"17";"Medicaments i cosmètics";"";"Tones"
"646";"1995";"19";"Pneumàtics";"";"Tones"
"647";"2009";"21";"Dissolvents";"7";"Tones"
"648";"2006";"10";"Tèxtil";"184";"Tones"
"649";"2010";"22";"RAEE A1: Aparells de fred, frigorífics...";"69";"Tones"
"650";"2004";"34";"Àcids";"";"Tones"
"651";"2001";"35";"Bases";"";"Tones"
"652";"1995";"28";"Voluminosos";"";"Tones"
"653";"2016";"9";"Fracció vegetal";"867";"Tones"
"654";"2014";"19";"Pneumàtics";"15";"Tones"
"655";"2005";"30";"Coure";"";"Tones"
"656";"2003";"40";"Medicaments";"8";"Tones"
"657";"2002";"16";"Piles";"32";"Tones"
"658";"2017";"13";"Fusta";"2279";"Tones"
"659";"2008";"25";"Olis vegetals";"21";"Tones"
"660";"1999";"2";"Paper";"2931";"Tones"
"661";"1996";"3";"Envasos";"";"Tones"
"662";"1990";"9";"Fracció vegetal";"";"Tones"
"663";"2009";"27";"Altres residus especials";"1";"Tones"
"664";"2008";"3";"Envasos";"4104";"Tones"
"665";"2017";"30";"Coure";"0";"Tones"
"666";"2014";"31";"RAEE A3: Televisors i monitors";"56";"Tones"
"667";"2013";"7";"Resta";"56172";"Tones"
"668";"1994";"10";"Tèxtil";"";"Tones"
"669";"2008";"12";"Ferralla";"463";"Tones"
"670";"2005";"13";"Fusta";"1574";"Tones"
"671";"2016";"16";"Piles";"0";"Tones"
"672";"2008";"32";"RAEE A2: Grans electrodomèstics assecadores, rentadores...";"100";"Tones"
"673";"2006";"36";"Aerosols";"";"Tones"
"674";"2015";"43";"Plàstic rígid";"33";"Tones"
"675";"2010";"11";"Vidre Pla";"379";"Tones"
"676";"2009";"38";"Comburents";"0";"Tones"
"677";"1987";"10";"Tèxtil";"";"Tones"
"678";"1997";"16";"Piles";"";"Tones"
"679";"2011";"34";"Àcids";"0";"Tones"
"680";"2014";"41";"Porexpan";"1";"Tones"
"681";"2005";"26";"Olis minerals";"12";"Tones"
"682";"2002";"27";"Altres residus especials";"3";"Tones"
"683";"2014";"28";"Voluminosos";"4160";"Tones"
"684";"2002";"1";"Vidre";"2013";"Tones"
"685";"2013";"4";"Materia orgànica";"7069";"Tones"
"686";"2011";"14";"Runes";"4565";"Tones"
"687";"2008";"15";"Tòners";"0";"Tones"
"691";"2011";"37";"Reactius de laboratori";"2";"Tones"
"692";"2012";"37";"Reactius de laboratori";"1";"Tones"
"693";"2014";"37";"Reactius de laboratori";"0";"Tones"
"694";"2017";"37";"Reactius de laboratori";"0";"Tones"
"695";"1995";"38";"Comburents";"";"Tones"
"696";"2001";"38";"Comburents";"";"Tones"
"697";"2002";"38";"Comburents";"";"Tones"
"698";"2003";"38";"Comburents";"";"Tones"
"699";"2004";"38";"Comburents";"";"Tones"
"700";"2006";"38";"Comburents";"";"Tones"
"701";"2007";"38";"Comburents";"";"Tones"
"702";"2008";"38";"Comburents";"0";"Tones"
"703";"2009";"38";"Comburents";"0";"Tones"
"704";"2010";"38";"Comburents";"0";"Tones"
"705";"2011";"38";"Comburents";"0";"Tones"
"706";"2012";"38";"Comburents";"0";"Tones"
"707";"2017";"38";"Comburents";"6";"Tones"
"708";"1995";"39";"Sòlids i Pastosos";"";"Tones"
"709";"2001";"39";"Sòlids i Pastosos";"";"Tones"
"710";"2002";"39";"Sòlids i Pastosos";"";"Tones"
"711";"2003";"39";"Sòlids i Pastosos";"";"Tones"
"712";"2004";"39";"Sòlids i Pastosos";"";"Tones"
"713";"2006";"39";"Sòlids i Pastosos";"";"Tones"
"714";"2007";"39";"Sòlids i Pastosos";"";"Tones"
"715";"2008";"39";"Sòlids i Pastosos";"42";"Tones"
"716";"2009";"39";"Sòlids i Pastosos";"58";"Tones"
"717";"2010";"39";"Sòlids i Pastosos";"57";"Tones"
"718";"2011";"39";"Sòlids i Pastosos";"45";"Tones"
"719";"2012";"39";"Sòlids i Pastosos";"20";"Tones"
"720";"2014";"39";"Sòlids i Pastosos";"33";"Tones"
"721";"2017";"39";"Sòlids i Pastosos";"39";"Tones"
"722";"2001";"40";"Medicaments";"8";"Tones"
"723";"2002";"40";"Medicaments";"11";"Tones"
"724";"2003";"40";"Medicaments";"8";"Tones"
"725";"2004";"40";"Medicaments";"8";"Tones"
"726";"2005";"40";"Medicaments";"13";"Tones"
"727";"2006";"40";"Medicaments";"11";"Tones"
"728";"2007";"40";"Medicaments";"13";"Tones"
"729";"2008";"40";"Medicaments";"15";"Tones"
"730";"2009";"40";"Medicaments";"18";"Tones"
"731";"2010";"40";"Medicaments";"19";"Tones"
"732";"2008";"41";"Porexpan";"4";"Tones"
"733";"2009";"41";"Porexpan";"24";"Tones"
"734";"2010";"41";"Porexpan";"9";"Tones"
"735";"2011";"41";"Porexpan";"14";"Tones"
"736";"2012";"41";"Porexpan";"1";"Tones"
"737";"2013";"41";"Porexpan";"1";"Tones"
"738";"2014";"41";"Porexpan";"1";"Tones"
"739";"2015";"41";"Porexpan";"10";"Tones"
"740";"2016";"41";"Porexpan";"0";"Tones"
"741";"2017";"41";"Porexpan";"1";"Tones"
"742";"2008";"42";"Radiografies";"1";"Tones"
"743";"2012";"42";"Radiografies";"1";"Tones"
"744";"2013";"42";"Radiografies";"0";"Tones"
"745";"2015";"42";"Radiografies";"0";"Tones"
"746";"2017";"42";"Radiografies";"0";"Tones"
"747";"2008";"43";"Plàstic rígid";"36";"Tones"
"748";"2009";"43";"Plàstic rígid";"126";"Tones"
"749";"2010";"43";"Plàstic rígid";"113";"Tones"
"750";"2011";"43";"Plàstic rígid";"102";"Tones"
"751";"2012";"43";"Plàstic rígid";"70";"Tones"
"752";"2013";"43";"Plàstic rígid";"86";"Tones"
"753";"2014";"43";"Plàstic rígid";"45";"Tones"
"754";"2015";"43";"Plàstic rígid";"33";"Tones"
"755";"2016";"43";"Plàstic rígid";"44";"Tones"
"756";"2017";"43";"Plàstic rígid";"43";"Tones"
"757";"2009";"44";"Cd i DVD";"0";"Tones"
"758";"2010";"44";"Cd i DVD";"2";"Tones"
"759";"2012";"44";"Cd i DVD";"1";"Tones"
"760";"2013";"44";"Cd i DVD";"1";"Tones"
"761";"2014";"44";"Cd i DVD";"1";"Tones"
"762";"2017";"44";"Cd i DVD";"1";"Tones"
"763";"2011";"45";"Cartró";"52";"Tones"
"764";"2012";"45";"Cartró";"20";"Tones"
"765";"2016";"46";"RAEE FRA (A1) Grans aparells d'intercanvi de temperatura, frigotrifics, aire acondicionat...";"5";"Tones"
"766";"2017";"46";"RAEE FRA (A1) Grans aparells d'intercanvi de temperatura, frigotrifics, aire acondicionat...";"39";"Tones"
"767";"2016";"47";"RAEE FRA 2 (A3) Monitors i pantalles LED, CRT i altres";"13";"Tones"
"768";"2017";"47";"RAEE FRA 2 (A3) Monitors i pantalles LED, CRT i altres";"51";"Tones"
"769";"2016";"48";"RAEE FRA 3 (A5) Lampares i fluorescents";"1";"Tones"
"770";"2017";"48";"RAEE FRA 3 (A5) Lampares i fluorescents";"2";"Tones"
"771";"2016";"49";"RAEE FRA 4 (A2) Altres aparells amb tamany superior a 50 cm no inclosos en FRA 1";"4";"Tones"
"772";"2017";"49";"RAEE FRA 4 (A2) Altres aparells amb tamany superior a 50 cm no inclosos en FRA 1";"41";"Tones"
"773";"2016";"50";"RAEE FRA 5 (A4) Petits aparells sense dimensió superior a 50 cm";"6";"Tones"
"774";"2017";"50";"RAEE FRA 5 (A4) Petits aparells sense dimensió superior a 50 cm";"34";"Tones"
"775";"2016";"51";"RAEE FRA 6 (A4) Aparells petits d'informàtica i telecomunicacions ";"4";"Tones"
"776";"2017";"51";"RAEE FRA 6 (A4) Aparells petits d'informàtica i telecomunicacions ";"27";"Tones"
"777";"2011";"45";"Cartró";"52";"Tones"
"778";"2012";"45";"Cartró";"20";"Tones"
"779";"2016";"46";"RAEE FRA (A1) Grans aparells d'intercanvi de temperatura, frigotrifics, aire acondicionat...";"5";"Tones"
"780";"2017";"46";"RAEE FRA (A1) Grans aparells d'intercanvi de temperatura, frigotrifics, aire acondicionat...";"39";"Tones"
"781";"2016";"47";"RAEE FRA 2 (A3) Monitors i pantalles LED, CRT i altres";"13";"Tones"
"782";"2017";"47";"RAEE FRA 2 (A3) Monitors i pantalles LED, CRT i altres";"51";"Tones"
"783";"2016";"48";"RAEE FRA 3 (A5) Lampares i fluorescents";"1";"Tones"
"784";"2017";"48";"RAEE FRA 3 (A5) Lampares i fluorescents";"2";"Tones"
"785";"2016";"49";"RAEE FRA 4 (A2) Altres aparells amb tamany superior a 50 cm no inclosos en FRA 1";"4";"Tones"
"786";"2017";"49";"RAEE FRA 4 (A2) Altres aparells amb tamany superior a 50 cm no inclosos en FRA 1";"41";"Tones"
"787";"2016";"50";"RAEE FRA 5 (A4) Petits aparells sense dimensió superior a 50 cm";"6";"Tones"
"788";"2017";"50";"RAEE FRA 5 (A4) Petits aparells sense dimensió superior a 50 cm";"34";"Tones"
"789";"2016";"51";"RAEE FRA 6 (A4) Aparells petits d'informàtica i telecomunicacions ";"4";"Tones"
"790";"2017";"51";"RAEE FRA 6 (A4) Aparells petits d'informàtica i telecomunicacions ";"27";"Tones"
"791";"2016";"51";"RAEE FRA 6 (A4) Aparells petits d'informàtica i telecomunicacions ";"4";"Tones"
"792";"2017";"51";"RAEE FRA 6 (A4) Aparells petits d'informàtica i telecomunicacions ";"27";"Tones"
"793";"2008";"7";"Resta";"71766";"Tones"
"794";"1994";"25";"Olis vegetals";"";"Tones"
"795";"2011";"16";"Piles";"9";"Tones"
"796";"2003";"32";"RAEE A2: Grans electrodomèstics assecadores, rentadores...";"";"Tones"
